﻿<?xml version="1.0" encoding="UTF-8" standalone="yes"?>
<addon id="NETPLAY.repository" name="NETPLAYLista repository" version="0.0.2" provider-name="NETPLAY2017">
	<extension point="xbmc.addon.repository" name="NETPLAYLista Add-on Repository">
		<info compressed="false">http://raw.github.com/NETPLAY2017/NETPLAY.repository/master/addons.xml</info>
		<checksum>http://raw.github.com/NETPLAY2017/NETPLAY.repository/master/addons.xml.md5</checksum>
		<datadir zip="true">http://raw.github.com/NETPLAY2017/NETPLAY.repository/master/repo/</datadir>
	</extension>
	<extension point="xbmc.addon.metadata">
		<summary>NETPLAYLista</summary>
		<description>...</description>
		<disclaimer></disclaimer>
		<platform>all</platform>
	</extension>
</addon>